X	Y	idxAnalysis	StdDev	Bead	status_frame	status_nUp	iF	iS	iB_inFrame	bestStd	Zr	Neighbour_L	Neighbour_R	iField
248.42	174.362	0	6945.848	<SimpleBeadTracker.Bead object at 0x00000119DBE05690>	1	1	0	0	0	True	239.0		M450	0
248.591	173.971	0	4632.233	<SimpleBeadTracker.Bead object at 0x00000119DBE05FC0>	2	1	1	1	0	False	239.0		M450	1
248.92	173.812	0	2115.944	<SimpleBeadTracker.Bead object at 0x00000119DBE065F0>	3	1	2	2	0	False	239.0		M450	2
249.058	174.729	0	7223.358	<SimpleBeadTracker.Bead object at 0x00000119DBE066B0>	1	2	3	3	0	True	240.0		M450	3
249.138	174.162	0	4543.58	<SimpleBeadTracker.Bead object at 0x00000119DBE068F0>	2	2	4	4	0	False	240.0		M450	4
249.711	173.924	0	2116.912	<SimpleBeadTracker.Bead object at 0x00000119DBE06B30>	3	2	5	5	0	False	240.0		M450	5
249.33	175.131	0	7129.811	<SimpleBeadTracker.Bead object at 0x00000119DBE06D70>	1	3	6	6	0	True	241.0		M450	6
249.42	174.816	0	4484.52	<SimpleBeadTracker.Bead object at 0x00000119DBE06FB0>	2	3	7	7	0	False	241.0		M450	7
249.818	174.658	0	2052.968	<SimpleBeadTracker.Bead object at 0x00000119DBE071F0>	3	3	8	8	0	False	241.0		M450	8
249.242	176.411	0	6826.399	<SimpleBeadTracker.Bead object at 0x00000119DBE07430>	1	4	9	9	0	True	250.0		M450	9
249.412	176.445	0	4410.223	<SimpleBeadTracker.Bead object at 0x00000119DBE07670>	2	4	10	10	0	False	250.0		M450	10
249.434	176.231	0	1981.836	<SimpleBeadTracker.Bead object at 0x00000119DBE078B0>	3	4	11	11	0	False	250.0		M450	11
249.394	177.062	0	7027.652	<SimpleBeadTracker.Bead object at 0x00000119DBE07AF0>	1	5	12	12	0	True	241.0		M450	12
249.604	177.211	0	4621.727	<SimpleBeadTracker.Bead object at 0x00000119DBE07D30>	2	5	13	13	0	False	241.0		M450	13
249.748	177.068	0	2111.573	<SimpleBeadTracker.Bead object at 0x00000119DBE07F70>	3	5	14	14	0	False	241.0		M450	14
248.945	178.055	0	7177.837	<SimpleBeadTracker.Bead object at 0x00000119DBDEAB30>	1	6	15	15	0	True	237.0		M450	15
248.927	178.046	0	4841.534	<SimpleBeadTracker.Bead object at 0x00000119D2BC5000>	2	6	16	16	0	False	237.0		M450	16
249.184	178.037	0	2209.113	<SimpleBeadTracker.Bead object at 0x00000119D2C840A0>	3	6	17	17	0	False	237.0		M450	17
249.086	178.792	0	7187.251	<SimpleBeadTracker.Bead object at 0x00000119DBE2C220>	1	7	18	18	0	True	223.0		M450	18
249.118	178.605	0	4988.349	<SimpleBeadTracker.Bead object at 0x00000119DBE2C460>	2	7	19	19	0	False	223.0		M450	19
249.541	178.585	0	2271.792	<SimpleBeadTracker.Bead object at 0x00000119DBE2C6A0>	3	7	20	20	0	False	223.0		M450	20
248.642	179.982	0	7500.422	<SimpleBeadTracker.Bead object at 0x00000119DBE2C8E0>	1	8	21	21	0	True	237.0		M450	21
248.689	179.923	0	5008.748	<SimpleBeadTracker.Bead object at 0x00000119DBE2CB20>	2	8	22	22	0	False	237.0		M450	22
248.994	179.744	0	2228.559	<SimpleBeadTracker.Bead object at 0x00000119DBE2CD60>	3	8	23	23	0	False	237.0		M450	23
248.437	181.267	0	7457.848	<SimpleBeadTracker.Bead object at 0x00000119DBE2CFA0>	1	9	24	24	0	True	238.0		M450	24
248.552	181.175	0	4936.147	<SimpleBeadTracker.Bead object at 0x00000119DBE2D1E0>	2	9	25	25	0	False	238.0		M450	25
248.544	180.988	0	2218.064	<SimpleBeadTracker.Bead object at 0x00000119DBE2D420>	3	9	26	26	0	False	238.0		M450	26
247.438	182.495	0	8341.241	<SimpleBeadTracker.Bead object at 0x00000119DBE2D660>	1	10	27	27	0	True	179.0		M450	27
247.911	182.424	0	6849.488	<SimpleBeadTracker.Bead object at 0x00000119DBE2D8A0>	2	10	28	28	0	False	179.0		M450	28
247.858	182.141	0	3713.105	<SimpleBeadTracker.Bead object at 0x00000119DBE2DAE0>	3	10	29	29	0	False	179.0		M450	29
246.901	183.773	0	8781.831	<SimpleBeadTracker.Bead object at 0x00000119DBE2DD20>	1	11	30	30	0	True	123.0		M450	30
247.356	183.444	0	7092.146	<SimpleBeadTracker.Bead object at 0x00000119DBE2DF60>	2	11	31	31	0	False	123.0		M450	31
247.402	182.945	0	4317.955	<SimpleBeadTracker.Bead object at 0x00000119DBE2E1A0>	3	11	32	32	0	False	123.0		M450	32
246.964	184.139	0	8702.77	<SimpleBeadTracker.Bead object at 0x00000119DBE2E3E0>	1	12	33	33	0	True	116.0		M450	33
247.239	183.856	0	7446.31	<SimpleBeadTracker.Bead object at 0x00000119DBE2E620>	2	12	34	34	0	False	116.0		M450	34
247.285	183.65	0	4547.361	<SimpleBeadTracker.Bead object at 0x00000119DBE2E860>	3	12	35	35	0	False	116.0		M450	35
246.369	185.366	0	8656.605	<SimpleBeadTracker.Bead object at 0x00000119DBE2EAA0>	1	13	36	36	0	True	116.0		M450	36
246.728	185.109	0	7396.212	<SimpleBeadTracker.Bead object at 0x00000119DBE2ECE0>	2	13	37	37	0	False	116.0		M450	37
247.023	184.761	0	4485.158	<SimpleBeadTracker.Bead object at 0x00000119DBE2EF20>	3	13	38	38	0	False	116.0		M450	38
246.344	186.246	0	8914.992	<SimpleBeadTracker.Bead object at 0x00000119DBE2F160>	1	14	39	39	0	True	117.0		M450	39
246.684	185.845	0	7660.353	<SimpleBeadTracker.Bead object at 0x00000119CEA56650>	2	14	40	40	0	False	117.0		M450	40
246.861	185.108	0	4533.195	<SimpleBeadTracker.Bead object at 0x00000119D2BC4D30>	3	14	41	41	0	False	117.0		M450	41
246.763	186.32	0	9001.614	<SimpleBeadTracker.Bead object at 0x00000119D2BC46D0>	1	15	42	42	0	True	114.0		M450	42
246.737	186.834	0	7662.724	<SimpleBeadTracker.Bead object at 0x00000119D2BC5870>	2	15	43	43	0	False	114.0		M450	43
246.926	186.556	0	4594.55	<SimpleBeadTracker.Bead object at 0x00000119DBDC8460>	3	15	44	44	0	False	114.0		M450	44
245.954	187.521	0	9552.347	<SimpleBeadTracker.Bead object at 0x00000119DBDC8F10>	1	16	45	45	0	True	114.0		M450	45
246.281	187.399	0	7690.547	<SimpleBeadTracker.Bead object at 0x00000119DBDC9930>	2	16	46	46	0	False	114.0		M450	46
246.61	186.948	0	4381.161	<SimpleBeadTracker.Bead object at 0x00000119DBDC91B0>	3	16	47	47	0	False	114.0		M450	47
245.632	188.037	0	9690.857	<SimpleBeadTracker.Bead object at 0x00000119DBDCA4D0>	1	17	48	48	0	True	119.0		M450	48
246.143	187.981	0	8024.547	<SimpleBeadTracker.Bead object at 0x00000119DBDCBDF0>	2	17	49	49	0	False	119.0		M450	49
246.304	187.551	0	4132.05	<SimpleBeadTracker.Bead object at 0x00000119DBDE8430>	3	17	50	50	0	False	119.0		M450	50
245.424	188.647	0	9564.048	<SimpleBeadTracker.Bead object at 0x00000119DBDE8910>	1	18	51	51	0	True	113.0		M450	51
245.536	188.238	0	7888.301	<SimpleBeadTracker.Bead object at 0x00000119DBDE93C0>	2	18	52	52	0	False	113.0		M450	52
246.026	187.866	0	4316.088	<SimpleBeadTracker.Bead object at 0x00000119DBDE9DE0>	3	18	53	53	0	False	113.0		M450	53
245.042	189.046	0	9464.948	<SimpleBeadTracker.Bead object at 0x00000119DBDEA7D0>	1	19	54	54	0	True	120.0		M450	54
245.085	188.673	0	7968.076	<SimpleBeadTracker.Bead object at 0x00000119DBE2F5E0>	2	19	55	55	0	False	120.0		M450	55
245.547	188.157	0	4352.127	<SimpleBeadTracker.Bead object at 0x00000119DBE2F850>	3	19	56	56	0	False	120.0		M450	56
244.917	189.198	0	9569.452	<SimpleBeadTracker.Bead object at 0x00000119DBE2FAC0>	1	20	57	57	0	True	122.0		M450	57
244.874	188.914	0	7786.723	<SimpleBeadTracker.Bead object at 0x00000119DBE2FD30>	2	20	58	58	0	False	122.0		M450	58
245.212	188.389	0	3998.25	<SimpleBeadTracker.Bead object at 0x00000119DBE2FFA0>	3	20	59	59	0	False	122.0		M450	59
244.351	189.294	0	9628.202	<SimpleBeadTracker.Bead object at 0x00000119D2A70250>	1	21	60	60	0	True	120.0		M450	60
244.363	189.272	0	7863.37	<SimpleBeadTracker.Bead object at 0x00000119D2A704C0>	2	21	61	61	0	False	120.0		M450	61
244.741	188.623	0	3985.918	<SimpleBeadTracker.Bead object at 0x00000119D2A70730>	3	21	62	62	0	False	120.0		M450	62
244.07	190.1	0	9692.311	<SimpleBeadTracker.Bead object at 0x00000119D2A709A0>	1	22	63	63	0	True	126.0		M450	63
244.085	190.032	0	7701.04	<SimpleBeadTracker.Bead object at 0x00000119D2A70C10>	2	22	64	64	0	False	126.0		M450	64
244.524	189.582	0	3832.969	<SimpleBeadTracker.Bead object at 0x00000119D2A70E80>	3	22	65	65	0	False	126.0		M450	65
243.954	190.134	0	9607.683	<SimpleBeadTracker.Bead object at 0x00000119D2A710F0>	1	23	66	66	0	True	136.0		M450	66
243.96	189.885	0	7404.61	<SimpleBeadTracker.Bead object at 0x00000119D2A71360>	2	23	67	67	0	False	136.0		M450	67
244.383	189.492	0	3600.422	<SimpleBeadTracker.Bead object at 0x00000119D2A715D0>	3	23	68	68	0	False	136.0		M450	68
243.969	190.352	0	9531.214	<SimpleBeadTracker.Bead object at 0x00000119D2A71840>	1	24	69	69	0	True	145.0		M450	69
244.046	189.889	0	6828.595	<SimpleBeadTracker.Bead object at 0x00000119D2A71AB0>	2	24	70	70	0	False	145.0		M450	70
244.39	189.648	0	3196.442	<SimpleBeadTracker.Bead object at 0x00000119D2A71D20>	3	24	71	71	0	False	145.0		M450	71
243.532	190.18	0	9511.304	<SimpleBeadTracker.Bead object at 0x00000119D2A71F90>	1	25	72	72	0	True	159.0		M450	72
243.605	189.736	0	6622.043	<SimpleBeadTracker.Bead object at 0x00000119D2A72200>	2	25	73	73	0	False	159.0		M450	73
243.919	189.371	0	2970.584	<SimpleBeadTracker.Bead object at 0x00000119D2A72470>	3	25	74	74	0	False	159.0		M450	74
243.329	190.329	0	9352.221	<SimpleBeadTracker.Bead object at 0x00000119D2A726E0>	1	26	75	75	0	True	159.0		M450	75
243.275	189.912	0	6678.215	<SimpleBeadTracker.Bead object at 0x00000119D2A72950>	2	26	76	76	0	False	159.0		M450	76
243.732	189.242	0	2973.056	<SimpleBeadTracker.Bead object at 0x00000119D2A72BC0>	3	26	77	77	0	False	159.0		M450	77
243.009	190.227	0	9456.712	<SimpleBeadTracker.Bead object at 0x00000119D2A72E30>	1	27	78	78	0	True	149.0		M450	78
243.23	189.857	0	6681.665	<SimpleBeadTracker.Bead object at 0x00000119D2A730A0>	2	27	79	79	0	False	149.0		M450	79
243.686	189.361	0	3125.741	<SimpleBeadTracker.Bead object at 0x00000119D2A73310>	3	27	80	80	0	False	149.0		M450	80
242.66	190.071	0	9643.44	<SimpleBeadTracker.Bead object at 0x00000119D2A73580>	1	28	81	81	0	True	145.0		M450	81
242.696	190.018	0	6867.454	<SimpleBeadTracker.Bead object at 0x00000119D2A737F0>	2	28	82	82	0	False	145.0		M450	82
243.169	189.557	0	3112.432	<SimpleBeadTracker.Bead object at 0x00000119D2A73A60>	3	28	83	83	0	False	145.0		M450	83
242.685	189.779	0	9851.934	<SimpleBeadTracker.Bead object at 0x00000119D2A73CD0>	1	29	84	84	0	True	149.0		M450	84
242.647	189.528	0	6935.096	<SimpleBeadTracker.Bead object at 0x00000119D2A73F40>	2	29	85	85	0	False	149.0		M450	85
242.949	189.005	0	2933.638	<SimpleBeadTracker.Bead object at 0x00000119D2CD01F0>	3	29	86	86	0	False	149.0		M450	86
241.943	189.28	0	9928.883	<SimpleBeadTracker.Bead object at 0x00000119D2CD0460>	1	30	87	87	0	True	149.0		M450	87
242.323	189.131	0	6874.295	<SimpleBeadTracker.Bead object at 0x00000119D2CD06D0>	2	30	88	88	0	False	149.0		M450	88
242.557	188.763	0	2966.421	<SimpleBeadTracker.Bead object at 0x00000119D2CD0940>	3	30	89	89	0	False	149.0		M450	89
241.56	189.414	0	9926.494	<SimpleBeadTracker.Bead object at 0x00000119D2CD0BB0>	1	31	90	90	0	True	148.0		M450	90
241.894	189.125	0	7115.206	<SimpleBeadTracker.Bead object at 0x00000119D2CD0E20>	2	31	91	91	0	False	148.0		M450	91
242.164	188.635	0	2994.092	<SimpleBeadTracker.Bead object at 0x00000119D2CD1090>	3	31	92	92	0	False	148.0		M450	92
241.318	188.583	0	9999.431	<SimpleBeadTracker.Bead object at 0x00000119D2CD1300>	1	32	93	93	0	True	151.0		M450	93
241.62	188.359	0	6954.104	<SimpleBeadTracker.Bead object at 0x00000119D2CD1570>	2	32	94	94	0	False	151.0		M450	94
242.089	188.348	0	2975.041	<SimpleBeadTracker.Bead object at 0x00000119D2CD17E0>	3	32	95	95	0	False	151.0		M450	95
241.087	188.856	0	9808.04	<SimpleBeadTracker.Bead object at 0x00000119D2CD1A50>	1	33	96	96	0	True	143.0		M450	96
241.522	188.729	0	7081.481	<SimpleBeadTracker.Bead object at 0x00000119D2CD1CC0>	2	33	97	97	0	False	143.0		M450	97
241.702	188.581	0	3055.2	<SimpleBeadTracker.Bead object at 0x00000119D2CD1F30>	3	33	98	98	0	False	143.0		M450	98
240.362	188.947	0	9532.192	<SimpleBeadTracker.Bead object at 0x00000119D2CD21A0>	1	34	99	99	0	True	138.0		M450	99
240.541	188.97	0	7090.933	<SimpleBeadTracker.Bead object at 0x00000119D2CD2410>	2	34	100	100	0	False	138.0		M450	100
240.812	188.956	0	3244.501	<SimpleBeadTracker.Bead object at 0x00000119D2CD2680>	3	34	101	101	0	False	138.0		M450	101
239.707	189.353	0	9086.288	<SimpleBeadTracker.Bead object at 0x00000119D2CD28F0>	1	35	102	102	0	True	138.0		M450	102
240.062	189.395	0	7111.651	<SimpleBeadTracker.Bead object at 0x00000119D2CD2B60>	2	35	103	103	0	False	138.0		M450	103
240.479	189.0	0	3386.24	<SimpleBeadTracker.Bead object at 0x00000119D2CD2DD0>	3	35	104	104	0	False	138.0		M450	104
239.547	189.963	0	9076.857	<SimpleBeadTracker.Bead object at 0x00000119D2CD3040>	1	36	105	105	0	True	126.0		M450	105
239.844	189.716	0	7047.866	<SimpleBeadTracker.Bead object at 0x00000119D2CD32B0>	2	36	106	106	0	False	126.0		M450	106
240.355	189.314	0	3504.058	<SimpleBeadTracker.Bead object at 0x00000119D2CD3520>	3	36	107	107	0	False	126.0		M450	107
239.488	189.45	0	9353.331	<SimpleBeadTracker.Bead object at 0x00000119D2CD3790>	1	37	108	108	0	True	139.0		M450	108
239.7	189.291	0	7094.602	<SimpleBeadTracker.Bead object at 0x00000119D2CD3A00>	2	37	109	109	0	False	139.0		M450	109
240.317	188.751	0	3279.246	<SimpleBeadTracker.Bead object at 0x00000119D2CD3C70>	3	37	110	110	0	False	139.0		M450	110
239.403	189.268	0	9234.041	<SimpleBeadTracker.Bead object at 0x00000119D2CD3EE0>	1	38	111	111	0	True	137.0		M450	111
239.637	189.067	0	7178.176	<SimpleBeadTracker.Bead object at 0x00000119D2CC8190>	2	38	112	112	0	False	137.0		M450	112
240.084	188.423	0	3382.099	<SimpleBeadTracker.Bead object at 0x00000119D2CC8400>	3	38	113	113	0	False	137.0		M450	113
239.682	188.603	0	9893.879	<SimpleBeadTracker.Bead object at 0x00000119D2CC8670>	1	39	114	114	0	True	111.0		M450	114
239.608	188.706	0	7575.654	<SimpleBeadTracker.Bead object at 0x00000119D2CC88E0>	2	39	115	115	0	False	111.0		M450	115
239.896	188.442	0	3874.938	<SimpleBeadTracker.Bead object at 0x00000119D2CC8B50>	3	39	116	116	0	False	111.0		M450	116
239.359	188.836	0	9819.421	<SimpleBeadTracker.Bead object at 0x00000119D2CC8DC0>	1	40	117	117	0	True	113.0		M450	117
239.23	188.834	0	7543.347	<SimpleBeadTracker.Bead object at 0x00000119D2CC9030>	2	40	118	118	0	False	113.0		M450	118
239.564	188.561	0	3931.397	<SimpleBeadTracker.Bead object at 0x00000119D2CC92A0>	3	40	119	119	0	False	113.0		M450	119
239.462	189.466	0	9444.402	<SimpleBeadTracker.Bead object at 0x00000119D2CC9510>	1	41	120	120	0	True	112.0		M450	120
239.434	189.296	0	7417.724	<SimpleBeadTracker.Bead object at 0x00000119D2CC9780>	2	41	121	121	0	False	112.0		M450	121
239.888	188.843	0	3929.053	<SimpleBeadTracker.Bead object at 0x00000119D2CC9A20>	3	41	122	122	0	False	112.0		M450	122
239.412	189.627	0	9664.618	<SimpleBeadTracker.Bead object at 0x00000119D2CC9C90>	1	42	123	123	0	True	120.0		M450	123
239.207	189.509	0	7438.933	<SimpleBeadTracker.Bead object at 0x00000119D2CC9F00>	2	42	124	124	0	False	120.0		M450	124
239.605	189.021	0	3792.229	<SimpleBeadTracker.Bead object at 0x00000119D2CCA170>	3	42	125	125	0	False	120.0		M450	125
238.661	189.876	0	9335.227	<SimpleBeadTracker.Bead object at 0x00000119D2CCA3E0>	1	43	126	126	0	True	124.0		M450	126
238.764	189.977	0	7426.093	<SimpleBeadTracker.Bead object at 0x00000119D2CCA650>	2	43	127	127	0	False	124.0		M450	127
239.222	189.516	0	3539.813	<SimpleBeadTracker.Bead object at 0x00000119D2CCA8C0>	3	43	128	128	0	False	124.0		M450	128
238.727	190.406	0	8988.028	<SimpleBeadTracker.Bead object at 0x00000119D2CCAB30>	1	44	129	129	0	True	123.0		M450	129
238.891	190.343	0	7364.289	<SimpleBeadTracker.Bead object at 0x00000119D2CCADA0>	2	44	130	130	0	False	123.0		M450	130
239.348	189.775	0	3537.1	<SimpleBeadTracker.Bead object at 0x00000119D2CCB010>	3	44	131	131	0	False	123.0		M450	131
238.705	190.802	0	9252.979	<SimpleBeadTracker.Bead object at 0x00000119D2CCB280>	1	45	132	132	0	True	134.0		M450	132
238.797	190.698	0	6908.995	<SimpleBeadTracker.Bead object at 0x00000119D2CCB4F0>	2	45	133	133	0	False	134.0		M450	133
239.313	190.357	0	3310.423	<SimpleBeadTracker.Bead object at 0x00000119D2CCB760>	3	45	134	134	0	False	134.0		M450	134
238.428	190.858	0	8727.332	<SimpleBeadTracker.Bead object at 0x00000119D2CCB9D0>	1	46	135	135	0	True	134.0		M450	135
238.754	190.69	0	6897.407	<SimpleBeadTracker.Bead object at 0x00000119D2CCBC40>	2	46	136	136	0	False	134.0		M450	136
239.51	190.194	0	3368.653	<SimpleBeadTracker.Bead object at 0x00000119D2CCBEB0>	3	46	137	137	0	False	134.0		M450	137
238.758	190.526	0	8684.387	<SimpleBeadTracker.Bead object at 0x00000119DBE48190>	1	47	138	138	0	True	125.0		M450	138
238.975	190.245	0	7151.095	<SimpleBeadTracker.Bead object at 0x00000119DBE48400>	2	47	139	139	0	False	125.0		M450	139
239.633	189.873	0	3359.718	<SimpleBeadTracker.Bead object at 0x00000119DBE48670>	3	47	140	140	0	False	125.0		M450	140
239.391	190.657	0	8890.573	<SimpleBeadTracker.Bead object at 0x00000119DBE488E0>	1	48	141	141	0	True	125.0		M450	141
239.619	190.451	0	7282.45	<SimpleBeadTracker.Bead object at 0x00000119DBE48B50>	2	48	142	142	0	False	125.0		M450	142
240.245	190.244	0	3263.915	<SimpleBeadTracker.Bead object at 0x00000119DBE48DC0>	3	48	143	143	0	False	125.0		M450	143
240.134	192.006	0	9034.427	<SimpleBeadTracker.Bead object at 0x00000119DBE49030>	1	49	144	144	0	True	144.0		M450	144
240.518	191.817	0	7162.939	<SimpleBeadTracker.Bead object at 0x00000119DBE492A0>	2	49	145	145	0	False	144.0		M450	145
241.034	191.304	0	3032.257	<SimpleBeadTracker.Bead object at 0x00000119DBE49510>	3	49	146	146	0	False	144.0		M450	146
241.183	192.942	0	9180.281	<SimpleBeadTracker.Bead object at 0x00000119DBE49780>	1	50	147	147	0	True	145.0		M450	147
241.506	192.757	0	7039.259	<SimpleBeadTracker.Bead object at 0x00000119DBE499F0>	2	50	148	148	0	False	145.0		M450	148
241.784	192.243	0	3064.568	<SimpleBeadTracker.Bead object at 0x00000119DBE49C60>	3	50	149	149	0	False	145.0		M450	149
242.342	193.442	0	9618.607	<SimpleBeadTracker.Bead object at 0x00000119DBE49ED0>	1	51	150	150	0	True	144.0		M450	150
242.172	193.397	0	6997.744	<SimpleBeadTracker.Bead object at 0x00000119DBE4A140>	2	51	151	151	0	False	144.0		M450	151
242.593	193.021	0	3065.142	<SimpleBeadTracker.Bead object at 0x00000119DBE4A3B0>	3	51	152	152	0	False	144.0		M450	152
243.681	195.304	0	9181.65	<SimpleBeadTracker.Bead object at 0x00000119DBE4A620>	1	52	153	153	0	True	160.0		M450	153
243.553	194.922	0	6554.744	<SimpleBeadTracker.Bead object at 0x00000119DBE4A890>	2	52	154	154	0	False	160.0		M450	154
243.913	194.391	0	3035.92	<SimpleBeadTracker.Bead object at 0x00000119DBE4AB00>	3	52	155	155	0	False	160.0		M450	155
244.211	196.482	0	9031.453	<SimpleBeadTracker.Bead object at 0x00000119DBE4AD70>	1	53	156	156	0	True	162.0		M450	156
244.127	195.996	0	6399.303	<SimpleBeadTracker.Bead object at 0x00000119DBE4AFE0>	2	53	157	157	0	False	162.0		M450	157
244.414	195.412	0	2862.127	<SimpleBeadTracker.Bead object at 0x00000119DBE4B250>	3	53	158	158	0	False	162.0		M450	158
245.62	197.281	0	8845.335	<SimpleBeadTracker.Bead object at 0x00000119D2ECAD70>	1	54	159	159	1	True	176.0		M450	159
245.541	196.951	0	6214.385	<SimpleBeadTracker.Bead object at 0x00000119DBE4B730>	2	54	160	160	0	False	176.0		M450	160
245.759	196.515	0	2740.542	<SimpleBeadTracker.Bead object at 0x00000119DBE4B9A0>	3	54	161	161	0	False	176.0		M450	161
246.671	198.273	0	8673.645	<SimpleBeadTracker.Bead object at 0x00000119D2EE8160>	1	55	162	162	1	True	187.0		M450	162
246.493	197.674	0	5929.965	<SimpleBeadTracker.Bead object at 0x00000119DBE4BE80>	2	55	163	163	0	False	187.0		M450	163
246.601	197.055	0	2564.165	<SimpleBeadTracker.Bead object at 0x00000119D2EE8E80>	3	55	164	164	1	False	187.0		M450	164
247.835	198.551	0	8696.069	<SimpleBeadTracker.Bead object at 0x00000119D2EE9510>	1	56	165	165	1	True	185.0		M450	165
247.647	198.12	0	5969.766	<SimpleBeadTracker.Bead object at 0x00000119DBE54610>	2	56	166	166	0	False	185.0		M450	166
247.8	197.684	0	2568.7	<SimpleBeadTracker.Bead object at 0x00000119DBE54880>	3	56	167	167	0	False	185.0		M450	167
248.511	199.427	0	8322.732	<SimpleBeadTracker.Bead object at 0x00000119D2EEA920>	1	57	168	168	1	True	202.0		M450	168
248.214	198.869	0	5516.737	<SimpleBeadTracker.Bead object at 0x00000119DBE54D60>	2	57	169	169	0	False	202.0		M450	169
248.272	198.408	0	2432.664	<SimpleBeadTracker.Bead object at 0x00000119D2EEB670>	3	57	170	170	1	False	202.0		M450	170
248.941	198.935	0	8154.959	<SimpleBeadTracker.Bead object at 0x00000119DBE55240>	1	58	171	171	0	True	201.0		M450	171
248.814	198.434	0	5412.714	<SimpleBeadTracker.Bead object at 0x00000119DBE554B0>	2	58	172	172	0	False	201.0		M450	172
248.98	198.027	0	2397.777	<SimpleBeadTracker.Bead object at 0x00000119DBE55720>	3	58	173	173	0	False	201.0		M450	173
249.627	198.788	0	7891.953	<SimpleBeadTracker.Bead object at 0x00000119DBE55990>	1	59	174	174	0	True	211.0		M450	174
249.397	198.413	0	4985.154	<SimpleBeadTracker.Bead object at 0x00000119DBE55C00>	2	59	175	175	0	False	211.0		M450	175
249.765	198.169	0	2299.156	<SimpleBeadTracker.Bead object at 0x00000119DBE55E70>	3	59	176	176	0	False	211.0		M450	176
250.387	199.267	0	7753.19	<SimpleBeadTracker.Bead object at 0x00000119DBE560E0>	1	60	177	177	0	True	221.0		M450	177
250.239	198.847	0	4883.399	<SimpleBeadTracker.Bead object at 0x00000119DBE56350>	2	60	178	178	0	False	221.0		M450	178
250.448	198.605	0	2223.991	<SimpleBeadTracker.Bead object at 0x00000119D2F071C0>	3	60	179	179	1	False	221.0		M450	179
250.874	200.03	0	7631.677	<SimpleBeadTracker.Bead object at 0x00000119DBE56830>	1	61	180	180	0	True	236.0		M450	180
250.726	199.67	0	4636.372	<SimpleBeadTracker.Bead object at 0x00000119DBE56AA0>	2	61	181	181	0	False	236.0		M450	181
251.092	199.362	0	2146.153	<SimpleBeadTracker.Bead object at 0x00000119D2F145B0>	3	61	182	182	1	False	236.0		M450	182
251.325	200.224	0	7579.232	<SimpleBeadTracker.Bead object at 0x00000119DBE56F80>	1	62	183	183	0	True	223.0		M450	183
251.114	199.915	0	4697.184	<SimpleBeadTracker.Bead object at 0x00000119DBE571F0>	2	62	184	184	0	False	223.0		M450	184
251.447	199.837	0	2126.724	<SimpleBeadTracker.Bead object at 0x00000119D2F15960>	3	62	185	185	1	False	223.0		M450	185
251.413	199.766	0	7491.852	<SimpleBeadTracker.Bead object at 0x00000119DBE576D0>	1	63	186	186	0	True	239.0		M450	186
251.332	199.57	0	4321.682	<SimpleBeadTracker.Bead object at 0x00000119DBE57940>	2	63	187	187	0	False	239.0		M450	187
251.614	199.64	0	2010.825	<SimpleBeadTracker.Bead object at 0x00000119DBE57BB0>	3	63	188	188	0	False	239.0		M450	188
251.518	200.309	0	7196.544	<SimpleBeadTracker.Bead object at 0x00000119DBE57E20>	1	64	189	189	0	True	249.0		M450	189
251.296	199.867	0	4125.042	<SimpleBeadTracker.Bead object at 0x00000119DBE6C0D0>	2	64	190	190	0	False	249.0		M450	190
251.781	199.738	0	1992.555	<SimpleBeadTracker.Bead object at 0x00000119D2F30100>	3	64	191	191	1	False	249.0		M450	191
251.485	200.478	0	7282.181	<SimpleBeadTracker.Bead object at 0x00000119DBE6C5B0>	1	65	192	192	0	True	242.0		M450	192
251.425	200.166	0	4125.303	<SimpleBeadTracker.Bead object at 0x00000119DBE6C820>	2	65	193	193	0	False	242.0		M450	193
252.028	199.876	0	2009.367	<SimpleBeadTracker.Bead object at 0x00000119D2F314B0>	3	65	194	194	1	False	242.0		M450	194
251.46	200.367	0	7508.51	<SimpleBeadTracker.Bead object at 0x00000119DBE6CD00>	1	66	195	195	0	True	242.0		M450	195
251.503	200.002	0	4318.632	<SimpleBeadTracker.Bead object at 0x00000119DBE6CF70>	2	66	196	196	0	False	242.0		M450	196
251.937	199.866	0	2062.543	<SimpleBeadTracker.Bead object at 0x00000119D2F32860>	3	66	197	197	1	False	242.0		M450	197
251.388	199.519	0	7777.722	<SimpleBeadTracker.Bead object at 0x00000119DBE6D450>	1	67	198	198	0	True	223.0		M450	198
251.268	199.154	0	4427.94	<SimpleBeadTracker.Bead object at 0x00000119DBE6D6C0>	2	67	199	199	0	False	223.0		M450	199
251.623	199.01	0	2060.151	<SimpleBeadTracker.Bead object at 0x00000119D2F33C10>	3	67	200	200	1	False	223.0		M450	200
251.282	199.691	0	7614.735	<SimpleBeadTracker.Bead object at 0x00000119DBE6DBA0>	1	68	201	201	0	True	234.0		M450	201
251.296	199.383	0	4403.572	<SimpleBeadTracker.Bead object at 0x00000119DBE6DE10>	2	68	202	202	0	False	234.0		M450	202
251.93	199.148	0	2078.529	<SimpleBeadTracker.Bead object at 0x00000119D2F4D000>	3	68	203	203	1	False	234.0		M450	203
251.501	199.527	0	7772.368	<SimpleBeadTracker.Bead object at 0x00000119DBE6E2F0>	1	69	204	204	0	True	222.0		M450	204
251.408	199.09	0	4561.719	<SimpleBeadTracker.Bead object at 0x00000119DBE6E560>	2	69	205	205	0	False	222.0		M450	205
251.807	198.849	0	2095.02	<SimpleBeadTracker.Bead object at 0x00000119D2F4E3B0>	3	69	206	206	1	False	222.0		M450	206
252.06	199.202	0	7748.564	<SimpleBeadTracker.Bead object at 0x00000119DBE6EA40>	1	70	207	207	0	True	236.0		M450	207
252.023	199.041	0	4516.029	<SimpleBeadTracker.Bead object at 0x00000119DBE6ECB0>	2	70	208	208	0	False	236.0		M450	208
252.466	198.888	0	2057.696	<SimpleBeadTracker.Bead object at 0x00000119D2F4F760>	3	70	209	209	1	False	236.0		M450	209
251.757	198.21	0	7660.75	<SimpleBeadTracker.Bead object at 0x00000119DBE6F190>	1	71	210	210	0	True	241.0		M450	210
251.765	198.14	0	4369.983	<SimpleBeadTracker.Bead object at 0x00000119DBE6F400>	2	71	211	211	0	False	241.0		M450	211
252.284	197.94	0	2035.259	<SimpleBeadTracker.Bead object at 0x00000119D2F64B50>	3	71	212	212	1	False	241.0		M450	212
251.15	197.851	0	7624.468	<SimpleBeadTracker.Bead object at 0x00000119DBE6F8E0>	1	72	213	213	0	True	237.0		M450	213
251.265	197.492	0	4407.46	<SimpleBeadTracker.Bead object at 0x00000119DBE6FB50>	2	72	214	214	0	False	237.0		M450	214
251.899	197.104	0	2027.635	<SimpleBeadTracker.Bead object at 0x00000119D2F65F00>	3	72	215	215	1	False	237.0		M450	215
251.321	197.446	0	7675.917	<SimpleBeadTracker.Bead object at 0x00000119D2F66590>	1	73	216	216	1	True	237.0		M450	216
251.321	197.201	0	4459.53	<SimpleBeadTracker.Bead object at 0x00000119D2F66C20>	2	73	217	217	1	False	237.0		M450	217
251.981	196.989	0	2068.075	<SimpleBeadTracker.Bead object at 0x00000119D2F672B0>	3	73	218	218	1	False	237.0		M450	218
251.629	197.539	0	7800.684	<SimpleBeadTracker.Bead object at 0x00000119D2F67940>	1	74	219	219	1	True	243.0		M450	219
251.817	197.254	0	4551.986	<SimpleBeadTracker.Bead object at 0x00000119D2F67FD0>	2	74	220	220	1	False	243.0		M450	220
252.51	196.951	0	2133.016	<SimpleBeadTracker.Bead object at 0x00000119D2F806A0>	3	74	221	221	1	False	243.0		M450	221
252.135	197.788	0	7903.041	<SimpleBeadTracker.Bead object at 0x00000119DBE7CF10>	1	75	222	222	0	True	240.0		M450	222
252.117	197.75	0	4521.121	<SimpleBeadTracker.Bead object at 0x00000119D2F813C0>	2	75	223	223	1	False	240.0		M450	223
252.498	197.422	0	2129.819	<SimpleBeadTracker.Bead object at 0x00000119D2F81A50>	3	75	224	224	1	False	240.0		M450	224
252.111	197.539	0	7846.717	<SimpleBeadTracker.Bead object at 0x00000119D2F820E0>	1	76	225	225	1	True	237.0		M450	225
252.123	197.321	0	4582.86	<SimpleBeadTracker.Bead object at 0x00000119D2F82770>	2	76	226	226	1	False	237.0		M450	226
252.524	197.122	0	2171.569	<SimpleBeadTracker.Bead object at 0x00000119D2F82E00>	3	76	227	227	1	False	237.0		M450	227
251.657	197.263	0	7907.122	<SimpleBeadTracker.Bead object at 0x00000119D2F83490>	1	77	228	228	1	True	238.0		M450	228
251.8	196.98	0	4665.229	<SimpleBeadTracker.Bead object at 0x00000119D2F83B20>	2	77	229	229	1	False	238.0		M450	229
252.13	196.749	0	2209.65	<SimpleBeadTracker.Bead object at 0x00000119D2FA01F0>	3	77	230	230	1	False	238.0		M450	230
251.392	197.07	0	7819.865	<SimpleBeadTracker.Bead object at 0x00000119D2FA0880>	1	78	231	231	1	True	234.0		M450	231
251.499	196.762	0	4689.827	<SimpleBeadTracker.Bead object at 0x00000119D2FA0F10>	2	78	232	232	1	False	234.0		M450	232
251.869	196.379	0	2134.325	<SimpleBeadTracker.Bead object at 0x00000119D2FA15A0>	3	78	233	233	1	False	234.0		M450	233
251.448	196.596	0	8361.407	<SimpleBeadTracker.Bead object at 0x00000119D2FA1C30>	1	79	234	234	1	True	221.0		M450	234
251.641	196.133	0	5070.947	<SimpleBeadTracker.Bead object at 0x00000119D2FA22C0>	2	79	235	235	1	False	221.0		M450	235
252.009	195.741	0	2219.948	<SimpleBeadTracker.Bead object at 0x00000119D2FA2950>	3	79	236	236	1	False	221.0		M450	236
251.456	196.108	0	8371.456	<SimpleBeadTracker.Bead object at 0x00000119D2FA2FE0>	1	80	237	237	1	True	223.0		M450	237
251.546	195.957	0	5010.505	<SimpleBeadTracker.Bead object at 0x00000119D2FA3670>	2	80	238	238	1	False	223.0		M450	238
251.595	195.478	0	2182.77	<SimpleBeadTracker.Bead object at 0x00000119D2FA3D00>	3	80	239	239	1	False	223.0		M450	239
251.328	195.634	0	8275.501	<SimpleBeadTracker.Bead object at 0x00000119D2FB83D0>	1	81	240	240	1	True	222.0		M450	240
251.516	195.48	0	4917.06	<SimpleBeadTracker.Bead object at 0x00000119D2FB8A60>	2	81	241	241	1	False	222.0		M450	241
251.869	195.125	0	2206.128	<SimpleBeadTracker.Bead object at 0x00000119D2FB90F0>	3	81	242	242	1	False	222.0		M450	242
251.251	194.74	0	8033.908	<SimpleBeadTracker.Bead object at 0x00000119D2FB9780>	1	82	243	243	1	True	220.0		M450	243
251.419	194.464	0	4772.239	<SimpleBeadTracker.Bead object at 0x00000119D2FB9E10>	2	82	244	244	1	False	220.0		M450	244
251.729	194.25	0	2179.384	<SimpleBeadTracker.Bead object at 0x00000119D2FBA4A0>	3	82	245	245	1	False	220.0		M450	245
251.078	194.953	0	7642.303	<SimpleBeadTracker.Bead object at 0x00000119D2FBAB30>	1	83	246	246	1	True	237.0		M450	246
251.124	194.695	0	4628.459	<SimpleBeadTracker.Bead object at 0x00000119D2FBB1C0>	2	83	247	247	1	False	237.0		M450	247
251.373	194.615	0	2069.171	<SimpleBeadTracker.Bead object at 0x00000119D2FBB850>	3	83	248	248	1	False	237.0		M450	248
250.648	195.077	0	7787.681	<SimpleBeadTracker.Bead object at 0x00000119D2FBBEE0>	1	84	249	249	1	True	236.0		M450	249
250.792	194.398	0	4674.681	<SimpleBeadTracker.Bead object at 0x00000119D2FCC5B0>	2	84	250	250	1	False	236.0		M450	250
251.14	194.076	0	2117.31	<SimpleBeadTracker.Bead object at 0x00000119D2FCCC40>	3	84	251	251	1	False	236.0		M450	251
250.616	194.609	0	7423.241	<SimpleBeadTracker.Bead object at 0x00000119D2FCD2D0>	1	85	252	252	1	True	237.0		M450	252
250.889	194.224	0	4451.742	<SimpleBeadTracker.Bead object at 0x00000119D2FCD960>	2	85	253	253	1	False	237.0		M450	253
251.097	193.762	0	1944.723	<SimpleBeadTracker.Bead object at 0x00000119D2FCDFF0>	3	85	254	254	1	False	237.0		M450	254
251.213	194.031	0	7775.135	<SimpleBeadTracker.Bead object at 0x00000119D2FCE680>	1	86	255	255	1	True	234.0		M450	255
251.216	193.802	0	4547.31	<SimpleBeadTracker.Bead object at 0x00000119D2FCED10>	2	86	256	256	1	False	234.0		M450	256
251.446	193.484	0	2015.773	<SimpleBeadTracker.Bead object at 0x00000119D2FCF3A0>	3	86	257	257	1	False	234.0		M450	257
251.052	194.391	0	7608.29	<SimpleBeadTracker.Bead object at 0x00000119D2FCFA30>	1	87	258	258	1	True	235.0		M450	258
251.024	194.176	0	4396.61	<SimpleBeadTracker.Bead object at 0x00000119D2FE4100>	2	87	259	259	1	False	235.0		M450	259
251.283	194.057	0	2028.98	<SimpleBeadTracker.Bead object at 0x00000119D2FE4790>	3	87	260	260	1	False	235.0		M450	260
250.584	194.656	0	7345.591	<SimpleBeadTracker.Bead object at 0x00000119D2FE4E20>	1	88	261	261	1	True	238.0		M450	261
250.724	194.436	0	4308.735	<SimpleBeadTracker.Bead object at 0x00000119D2FE54B0>	2	88	262	262	1	False	238.0		M450	262
251.182	194.377	0	2040.696	<SimpleBeadTracker.Bead object at 0x00000119D2FE5B40>	3	88	263	263	1	False	238.0		M450	263
250.589	195.004	0	7072.402	<SimpleBeadTracker.Bead object at 0x00000119D2FE61D0>	1	89	264	264	1	True	252.0		M450	264
250.839	194.678	0	3980.191	<SimpleBeadTracker.Bead object at 0x00000119D2FE6860>	2	89	265	265	1	False	252.0		M450	265
251.301	194.416	0	1928.801	<SimpleBeadTracker.Bead object at 0x00000119D2FE6EF0>	3	89	266	266	1	False	252.0		M450	266
250.089	194.651	0	6460.053	<SimpleBeadTracker.Bead object at 0x00000119D2FE7580>	1	90	267	267	1	True	257.0		M450	267
250.236	193.979	0	3747.921	<SimpleBeadTracker.Bead object at 0x00000119D2FE7C10>	2	90	268	268	1	False	257.0		M450	268
250.735	193.706	0	1851.691	<SimpleBeadTracker.Bead object at 0x00000119D30002E0>	3	90	269	269	1	False	257.0		M450	269
250.021	194.573	0	6126.117	<SimpleBeadTracker.Bead object at 0x00000119D3000970>	1	91	270	270	1	True	270.0		M450	270
250.146	193.988	0	3237.622	<SimpleBeadTracker.Bead object at 0x00000119D3001000>	2	91	271	271	1	False	270.0		M450	271
250.806	193.582	0	1770.509	<SimpleBeadTracker.Bead object at 0x00000119D3001690>	3	91	272	272	1	False	270.0		M450	272
249.126	194.451	0	5602.832	<SimpleBeadTracker.Bead object at 0x00000119D3001D20>	1	92	273	273	1	True	273.0		M450	273
249.347	194.168	0	2986.027	<SimpleBeadTracker.Bead object at 0x00000119D30023B0>	2	92	274	274	1	False	273.0		M450	274
250.241	194.217	0	1717.211	<SimpleBeadTracker.Bead object at 0x00000119D3002A40>	3	92	275	275	1	False	273.0		M450	275
249.521	194.375	0	6257.164	<SimpleBeadTracker.Bead object at 0x00000119D30030D0>	1	93	276	276	1	True	267.0		M450	276
249.656	193.984	0	3207.235	<SimpleBeadTracker.Bead object at 0x00000119D3003760>	2	93	277	277	1	False	267.0		M450	277
250.639	194.035	0	1690.36	<SimpleBeadTracker.Bead object at 0x00000119D3003DF0>	3	93	278	278	1	False	267.0		M450	278
249.571	193.897	0	5905.47	<SimpleBeadTracker.Bead object at 0x00000119D30244C0>	1	94	279	279	1	True	272.0		M450	279
250.104	193.502	0	3109.32	<SimpleBeadTracker.Bead object at 0x00000119D3024B50>	2	94	280	280	1	False	272.0		M450	280
251.01	192.992	0	1730.934	<SimpleBeadTracker.Bead object at 0x00000119D30251E0>	3	94	281	281	1	False	272.0		M450	281
250.102	193.968	0	5744.457	<SimpleBeadTracker.Bead object at 0x00000119D3025870>	1	95	282	282	1	True	279.0		M450	282
249.929	193.622	0	2976.713	<SimpleBeadTracker.Bead object at 0x00000119D3025F00>	2	95	283	283	1	False	279.0		M450	283
250.788	193.565	0	1641.724	<SimpleBeadTracker.Bead object at 0x00000119D3026590>	3	95	284	284	1	False	279.0		M450	284
249.526	193.635	0	5907.821	<SimpleBeadTracker.Bead object at 0x00000119D3026C20>	1	96	285	285	1	True	278.0		M450	285
249.543	193.508	0	3019.132	<SimpleBeadTracker.Bead object at 0x00000119D30272B0>	2	96	286	286	1	False	278.0		M450	286
250.168	193.126	0	1681.303	<SimpleBeadTracker.Bead object at 0x00000119D3027940>	3	96	287	287	1	False	278.0		M450	287
249.232	193.664	0	6014.783	<SimpleBeadTracker.Bead object at 0x00000119D3027FD0>	1	97	288	288	1	True	271.0		M450	288
249.568	193.606	0	3054.655	<SimpleBeadTracker.Bead object at 0x00000119D30406A0>	2	97	289	289	1	False	271.0		M450	289
250.36	193.817	0	1709.601	<SimpleBeadTracker.Bead object at 0x00000119D3040D30>	3	97	290	290	1	False	271.0		M450	290
250.07	193.541	0	6081.423	<SimpleBeadTracker.Bead object at 0x00000119D30413C0>	1	98	291	291	1	True	269.0		M450	291
250.213	193.389	0	3040.764	<SimpleBeadTracker.Bead object at 0x00000119D3041A50>	2	98	292	292	1	False	269.0		M450	292
250.997	193.25	0	1667.029	<SimpleBeadTracker.Bead object at 0x00000119D30420E0>	3	98	293	293	1	False	269.0		M450	293
250.393	193.316	0	6000.49	<SimpleBeadTracker.Bead object at 0x00000119D3042770>	1	99	294	294	1	True	271.0		M450	294
250.487	193.107	0	2972.473	<SimpleBeadTracker.Bead object at 0x00000119D3042E00>	2	99	295	295	1	False	271.0		M450	295
251.227	192.848	0	1614.885	<SimpleBeadTracker.Bead object at 0x00000119D3043490>	3	99	296	296	1	False	271.0		M450	296
249.563	192.829	0	9184.58	<SimpleBeadTracker.Bead object at 0x00000119D3043B20>	1	100	297	297	1	True	212.0		M450	297
249.968	192.729	0	8552.151	<SimpleBeadTracker.Bead object at 0x00000119D30541F0>	2	100	298	298	1	False	212.0		M450	298
250.526	192.266	0	5989.317	<SimpleBeadTracker.Bead object at 0x00000119D3054880>	3	100	299	299	1	False	212.0		M450	299
